Bond,Maturity,Duration
OAT 2027,2027-05-25,0.8164383561643834
OAT 2028,2028-05-25,1.8104773839807757
OAT 2029,2029-05-25,2.800927609266303
OAT 2030,2030-05-25,3.670653092477272
OAT 2031,2031-05-25,4.663641190080117
OAT 2032,2032-05-25,5.818092671607157
OAT 2033,2033-05-25,6.222837504497967
OAT 2034,2034-05-25,7.440935167911602
OAT 2035,2035-05-25,7.751757028765811
OAT 2036,2036-05-25,9.194681603678243
OAT 2037,2037-05-25,8.99372312185014
OAT 2038,2038-05-25,10.870048645796185
OAT 2039,2039-05-25,11.330109659112297
OAT 2040,2040-05-25,13.209014433239304
OAT 2041,2041-05-25,11.106353705352722
OAT 2042,2042-05-25,12.081852301277523
OAT 2043,2043-05-25,13.406746314744305
OAT 2044,2044-05-25,16.684888191914073
OAT 2045,2045-05-25,13.826965873883262
