Bond,Maturity,YieldToMaturity
OAT 2027,2027-05-25,0.026930218974284274
OAT 2028,2028-05-25,0.02865815103629572
OAT 2029,2029-05-25,0.029567419387074658
OAT 2030,2030-05-25,0.030489057617161756
OAT 2031,2031-05-25,0.03170285470972666
OAT 2032,2032-05-25,0.033335476758804966
OAT 2033,2033-05-25,0.03441106677196638
OAT 2034,2034-05-25,0.03522460362182591
OAT 2035,2035-05-25,0.03663477235294332
OAT 2036,2036-05-25,0.03756822056459135
OAT 2037,2037-05-25,0.038838878622874655
OAT 2038,2038-05-25,0.039698883951108876
OAT 2039,2039-05-25,0.040244443552267084
OAT 2040,2040-05-25,0.041322450529413884
OAT 2041,2041-05-25,0.041224529168076694
OAT 2042,2042-05-25,0.0418901596325639
OAT 2043,2043-05-25,0.04233029068537991
OAT 2044,2044-05-25,0.04307639748204914
OAT 2045,2045-05-25,0.04362144722378211
