Maturity,TimeToMaturity,ObservedRatePct,TwoStepFittedRatePct,ScipyFittedRatePct,DiffBp
2027-05-25,0.8164383561643835,2.69302189742843,2.6945365776672108,2.694456744109038,-0.007983355817264837
2028-05-25,1.818092671607156,2.86640997853211,2.8596097220990933,2.8596761115618077,0.0066389462714422365
2029-05-25,2.8164383561643835,2.957444934073989,2.9604943732407856,2.960516931132283,0.0022557891497410054
2030-05-25,3.816438356164384,3.05490095762254,3.0650817369383225,3.0650585737970175,-0.0023163141305015955
2031-05-25,4.816438356164384,3.176879102094792,3.1846257108049953,3.184584393172718,-0.004131763227732677
2032-05-25,5.818092671607157,3.3335476758804967,3.3147390838935733,3.314699888463477,-0.003919543009622828
2033-05-25,6.816438356164384,3.472086221842304,3.447543167993426,3.447515500182795,-0.0027667810631015755
2034-05-25,7.816438356164384,3.537861461526488,3.577809835362978,3.577795761433464,-0.0014073929514246686
2035-05-25,8.816438356164383,3.718554402388724,3.7014618769815852,3.70145959823381,-0.0002278747775363854
2036-05-25,9.818092671607156,3.7826482716786014,3.816558405399322,3.816564623458366,0.0006218059044105217
2037-05-25,10.816438356164385,3.9834856524909736,3.921674892547678,3.921686060668636,0.0011168120958249261
2038-05-25,11.816438356164385,4.007787525440971,4.017289777675078,4.017302779573663,0.001300189858532974
2039-05-25,12.816438356164385,4.081659063611374,4.103635339885098,4.103647666640108,0.001232675500961733
2040-05-25,13.818092671607156,4.152433341638268,4.181506074397679,4.181515849098306,0.0009774700627573907
2041-05-25,14.816438356164385,4.28934530317606,4.251320867042511,4.25132679410163,0.0005927059119059663
2042-05-25,15.816438356164385,4.338362344334584,4.314252334064148,4.314253562859961,0.00012287958135459576
2043-05-25,16.816438356164383,4.343959974970544,4.370955506626353,4.370951548394734,-0.0003958231618916841
2044-05-25,17.818092671607154,4.333698745870184,4.422230499244543,4.422221119972586,-0.0009379271957321578
2045-05-25,18.816438356164383,4.549725001157057,4.468486073894147,4.468471254386802,-0.0014819507344832061
